<?xml version="1.0" encoding="UTF-8"?>
<?xml-stylesheet type="text/xsl" href="../../../../../../../../../languagetool-core/src/main/resources/org/languagetool/rules/print.xsl" ?>
<?xml-stylesheet type="text/css" href="../../../../../../../../../languagetool-core/src/main/resources/org/languagetool/rules/rules.css"
title="Easy editing stylesheet" ?>
<!--
British English Grammar and Typo Rules for LanguageTool
See tagset.txt for the meaning of the POS tags
Copyright (C) 2012 Marcin Miłkowski (http://www.languagetool.org)

This library is free software; you can redistribute it and/or
modify it under the terms of the GNU Lesser General Public
License as published by the Free Software Foundation; either
version 2.1 of the License, or (at your option) any later version.

This library is distributed in the hope that it will be useful,
but WITHOUT ANY WARRANTY; without even the implied warranty of
MERCHANTABILITY or FITNESS FOR A PARTICULAR PURPOSE.  See the GNU
Lesser General Public License for more details.

You should have received a copy of the GNU Lesser General Public
License along with this library; if not, write to the Free Software
Foundation, Inc., 51 Franklin St, Fifth Floor, Boston, MA  02110-1301
USA
-->
<rules lang="en-GB" xsi:noNamespaceSchemaLocation="../../../../../../../../../../languagetool-core/src/main/resources/org/languagetool/rules/rules.xsd"
    xmlns:xsi="http://www.w3.org/2001/XMLSchema-instance">
    <category id="AMERICAN_ENGLISH" name="American English phrases" type="locale-violation">
        <rule id="ZIP_CODE_POSTCODE" name="zip code/postcode">
            <pattern>
                <token>zip</token>
                <token postag_regexp="yes" postag="NN:UN|NNS" regexp="yes">codes?</token>
            </pattern>
            <message>The term '\1 \2' is common for American English. Did you mean <suggestion><match no="2" postag_regexp="yes" postag="NN(S)|NN:UN" postag_replace="NN$1">postcode</match></suggestion>?</message>
            <url>http://www.learnenglish.de/mistakes/USvsBrEnglish.html</url>
            <short>AmE/BrE: zip code/postcode</short>
            <example correction="postcode">Please enter your <marker>zip code</marker>.</example>
            <example correction="Postcodes"><marker>Zip codes</marker> are not always necessary.</example>
        </rule>
        <rule id="APARTMENT-FLAT" name="apartment/flat">
            <pattern>
                <token inflected="yes">apartment</token>
            </pattern>
            <message>The word '\1' is common for American English. Did you mean <suggestion><match no="1" postag="(NN.*)" postag_replace="$1">flat</match></suggestion>?</message>
            <url>http://www.learnenglish.de/mistakes/USvsBrEnglish.html</url>
            <short>AmE/BrE: apartment/flat</short>
            <example correction="flats">These <marker>apartments</marker> are expensive.</example>
            <example correction="flat">I just bought an <marker>apartment</marker>.</example>
        </rule>
        <rulegroup id="BAND-AID_PLASTER" name="band-aid/plaster">
            <rule><!-- 'Band-Aid' is a trademark according to Merriam Webster's dictionary. Thus, it must not have postags NN or NNS. -->
                <pattern>
                    <token>band-aid</token>
                </pattern>
                <message>The word '\1' is common for American English. (Band-Aid is a trademark.) Did you mean <suggestion>plaster</suggestion>?</message>
                <url>http://www.learnenglish.de/mistakes/USvsBrEnglish.html</url>
                <short>AmE/BrE: band-aid/plaster</short>
                <example correction="plaster">Where's the <marker>band-aid</marker>?</example>
            </rule>
            <rule>
                <pattern>
                    <token>band-aids</token>
                </pattern>
                <message>The word '\1' is common for American English. (Band-Aid is a trademark.) Did you mean <suggestion>plasters</suggestion>?</message>
                <url>http://www.learnenglish.de/mistakes/USvsBrEnglish.html</url>
                <short>AmE/BrE: band-aid/plaster</short>
                <example correction="plasters">These <marker>band-aids</marker> are dirty.</example>
            </rule>
        </rulegroup>
        <rule id="GROUND_VS_MINCED" name="ground beef/minced beef">
            <pattern>
                <token>ground</token>
                <token>beef</token>
            </pattern>
            <message>The term '\1 \2' is common for American English. Did you mean <suggestion>minced \2</suggestion>?</message>
            <url>http://www.learnenglish.de/mistakes/USvsBrEnglish.html</url>
            <short>AmE/BrE: ground beef/minced beef</short>
            <example correction="minced beef">Do vegetarians eat <marker>ground beef</marker>?</example>
        </rule>
        <rule id="MOVIE_THEATER_CINEMA" name="movie theater/cinema">
            <pattern>
                <token>movie</token>
                <token inflected="yes">theater</token>
            </pattern>
            <message>The term '\1 \2' is common for American English. Did you mean <suggestion><match no="2" postag="NN|NN(S)" postag_replace="NN$1(:UN)?">cinema</match></suggestion>?</message>
            <url>http://www.learnenglish.de/mistakes/USvsBrEnglish.html</url>
            <short>AmE/BrE: movie theater/cinema</short>
            <example correction="cinema">Let's go to a <marker>movie theater</marker>.</example>
            <example correction="Cinemas"><marker>Movie theaters</marker> are popular, despite the new online movie streaming services.</example>
            <example>Edward Norton – not appearing in a <marker>cinema</marker> near you.</example>
        </rule>
        <rule id="GOT_GOTTEN" name="gotten/got">
            <pattern>
                <token>gotten</token>
            </pattern>
            <message>In the UK, the word 'gotten' is not used. Did you mean <suggestion>got</suggestion>?</message>
            <url>http://public.wsu.edu/~brians/errors/got.html</url>
            <short>AmE/BrE: gotten/got</short>
            <example correction="got">He has <marker>gotten</marker> some food.</example>
            <example correction="got">He's <marker>gotten</marker> up on the wrong side of bed.</example>
        </rule>
        <rule id="GAS_PETROL" name="gas/petrol" default="off"> <!-- This rule needs more exceptions to be usable -->
            <pattern>
                <token>gas<exception scope="previous">natural</exception></token>
            </pattern>
            <message>With the meaning of "gasoline", in British English is more common to use <suggestion>petrol</suggestion>.</message>
            <short>AmE/BrE: gas/petrol</short>
            <example>Natural gas.</example>
            <example correction="petrol">More <marker>gas</marker>.</example>
        </rule>
        <rule id="LICENCE_LICENSE_NOUN_SINGULAR" name="License/Licence (noun)">
            <pattern>
                <token negate_pos="yes" postag="VB|VBD|VBG|VBN|VBP|VBZ" postag_regexp="yes">license</token>
            </pattern>
            <message><match no="1"/> must be spelled with a "c" when used as a noun in British English. Use <suggestion>licence</suggestion>.</message>
            <short>AmE/BrE: license/licence (noun singular)</short>
            <example correction="licence">Please show me your <marker>license</marker>.</example>
        </rule>
        <rule id="LICENCE_LICENSE_NOUN_PLURAL" name="Licenses/Licences (noun)">
            <pattern>
                <token negate_pos="yes" postag="VB|VBD|VBG|VBN|VBP|VBZ" postag_regexp="yes">licenses</token>
            </pattern>
            <message><match no="1"/> must be spelled with a "c" when used as a noun in British English. Use <suggestion>licences</suggestion>.</message>
            <short>AmE/BrE: license/licence (noun plural)</short>
            <example correction="licences">Please show me your <marker>licenses</marker>.</example>
        </rule>
        <rule  id="TRUNK_BOOT" name="trunk/boot (of car)">
            <antipattern>
                <token>car</token>
                <token regexp="yes" skip="-1">boots?</token>
                <token regexp="yes">trunks?</token>
            </antipattern>
            <antipattern>
                <token regexp="yes" skip="-1">trunks?</token>
                <token>car</token>
                <token regexp="yes">boots?</token>
            </antipattern>
            <antipattern>
                <token>car</token>
                <token regexp="yes">’|'</token>
                <token>s</token>
                <token skip="-1">boot</token>
                <token regexp="yes">trunks?</token>
            </antipattern>
            <antipattern>
                <token regexp="yes" skip="-1">trunks?</token>
                <token>car</token>
                <token regexp="yes">’|'</token>
                <token>s</token>
                <token>boot</token>
            </antipattern>
            <antipattern>
                <token regexp="yes">boots?</token>
                <token>of</token>
                <token postag_regexp="yes" postag="DT|PDT" />
                <token inflected="yes" skip="-1">car</token>
                <token regexp="yes">trunks?</token>
            </antipattern>
            <antipattern>
                <token regexp="yes" skip="-1">trunks?</token>
                <token regexp="yes">boots?</token>
                <token>of</token>
                <token postag_regexp="yes" postag="DT|PDT" />
                <token inflected="yes">car</token>
            </antipattern>
            <pattern>
                <token postag="SENT_START" skip="-1"><exception scope="next" inflected="yes" regexp="yes">elephant|river|swimming|tree</exception></token>
                <marker>
                    <token regexp="yes" skip="-1">trunk|trunks<exception scope="next" inflected="yes" regexp="yes">elephant|river|swimming|tree</exception></token>
                </marker>
                <token postag="SENT_END"><exception scope="current" inflected="yes" regexp="yes">elephant|river|swimming|tree</exception></token>
            </pattern>
            <message>In the context of cars (automobiles), '<match no="2"/>' is American English. For British English use <suggestion><match no="2" postag="(NN.*)" postag_replace="$1">boot</match></suggestion>.</message>
            <url>https://en.wikipedia.org/wiki/Trunk_%28car%29</url>
            <short>AmE/BrE: trunk/boot</short>
            <example type="incorrect" correction="boot">The automobile has a small <marker>trunk</marker>.</example>
            <example type="incorrect" correction="boots">Automobiles that have large <marker>trunks</marker> are usually expensive.</example>
            <example type="incorrect" correction="Boots"><marker>Trunks</marker> on some automobiles are at the front.</example>
            <example type="incorrect" correction="boot">This Volkswagen has a large <marker>trunk</marker>.</example>
            <example type="incorrect" correction="boots">Volkswagens and Chryslers usually have large <marker>trunks</marker>.</example>
            <example type="correct">The elephant's <marker>trunk</marker> is long.</example>
            <example type="correct">This tree <marker>trunk</marker> is large.</example>
            <example type="correct">The <marker>trunks</marker> of some trees were damaged during the storm.</example>
            <example type="correct">The arterial <marker>trunks</marker> of some rivers are ...</example>
            <example type="correct"><marker>Trunks</marker> (swimming) of various colours are available from ...</example>
            <example type="correct">If the electrical <marker>trunking</marker> on the car is ...</example>
            <example type="correct">Put the <marker>trunk</marker> into the car boot.</example>
            <example type="correct">The car boot contained <marker>trunks</marker> of many colours.</example>
            <example type="correct">The car boots contained <marker>trunks</marker> of many sizes.</example>
            <example type="correct">Put these items into the boot of the car: <marker>trunk</marker>, table, chair, kitchen sink.</example>
            <example type="correct">Put the <marker>trunks</marker> into the boot of the car.</example>
            <example type="correct">The lace on this <marker>boot</marker> is frayed.</example>
            <example type="correct">The car boot contained a <marker>trunk</marker> and a ...</example>
            <example type="correct">The car's boot contained a <marker>trunk</marker> and a ...</example>
            <example type="correct">The <marker>trunks</marker> were in our car’s boot.</example>
            <example type="triggers_error">The boot of this Volkswagen contains a large <marker>trunk</marker>.</example>
            <example type="triggers_error">The boots of Volkswagens are sufficiently large to contain 2 or 3 <marker>trunks</marker>.</example>
            <example type="triggers_error">The <marker>trunk</marker> was in the Ford.</example>
            <example type="triggers_error">Mr Ford has a large blue <marker>trunk</marker>.</example>
            <example type="triggers_error">The <marker>trunk</marker> was on the back seat of the Ford.</example>
            <example type="triggers_error">The abandoned car contained a stolen <marker>trunk</marker>.</example>
            <example type="triggers_error">The Chrysler's boot contained a <marker>trunk</marker> and a ...</example>
            <example type="triggers_error">Some cars' boots can contain <marker>trunks</marker> of enormous size.</example>
        </rule>
        <rule id="AIR_PLANE_AEROPLANE" name="air plane/aeroplane"><!-- 'airplane' is in replace.txt -->
            <pattern>
                <token>air</token>
                <token postag_regexp="yes" postag="NN|NNS" regexp="yes">planes?</token>
            </pattern>
            <message>The term '\1 \2' is common for American English. For British English use <suggestion><match no="2" postag="(NN.*)" postag_replace="$1">aeroplane</match></suggestion>.</message>
            <url>https://en.oxforddictionaries.com/definition/airplane</url>
            <short>AmE/BrE: air plane/aeroplane</short>
            <example type="incorrect" correction="aeroplane">This <marker>air plane</marker> is very quiet.</example>
            <example type="incorrect" correction="aeroplanes">These <marker>air planes</marker> can fly for 12 hours when they are fully loaded with fuel.</example>
            <example type="correct">This <marker>aeroplane</marker> is very quiet.</example>
        </rule>
        <rule id="SI_UNITS_OF_MEASUREMENT_ADJECTIVES_AME" name="1-liter/1-litre">
            <pattern>
                <token regexp="yes">([0-9]+-)(yotta|zetta|exa|peta|tera|giga|mega|kilo|hecto|deka|deci|centi|milli|micro|nano|pico|femto|atto|zepto|yocto)?(liter|meter)<exception postag="NNP"/></token>
            </pattern>
            <message>The word '<match no="1"/>' is an adjective (SI unit of measurement), but the spelling is not correct British English.</message>
            <short>AmE/BrE: SI units (adjectives)</short>
            <example type="incorrect">Use a <marker>6-millimeter</marker> bolt.</example>
            <example type="correct">Use a <marker>6-millimetre</marker> bolt.</example>
            <example type="correct">Do not find incorrect English: use a <marker>10-millimeters</marker> bolt.</example>
            <example type="correct">The 4.<marker>6-centigram</marker> difference is not a problem.</example><!-- Refer to OXFORD_SPELLING_GRAM -->
            <example type="incorrect">Use a <marker>10-meter</marker> rope.</example>
            <example type="incorrect">Also find typgoraphic errors: a 5.7.<marker>8-femtoliter</marker> difference is not important.</example>
       </rule>
    </category>
    <category id="STYLE_BRE" name="Style" type="style">
        <rulegroup id="OXFORD_SPELLING_GRAM" name="Oxford spelling of 'gram' (not 'gramme')">
            <rule><!-- nouns. Nouns and adjectives have separate rules to prevent incorrect suggestions for incorrect adjectives such as '5-grammes'. -->
                <pattern>
                    <token regexp="yes">(yotta|zetta|exa|peta|tera|giga|mega|kilo|hecto|deca|deci|centi|milli|micro|nano|pico|femto|atto|zepto|yocto)?grammes?<exception postag="NNP"/></token>
                </pattern>
                <message>Oxford Manual of Style, 2002, gives 'gram' as the preferred spelling of these: gram, kilogram, and other units of measurement. Also, UK Weights and Measures Act 1985, section 92 shows that both 'gram' and 'gramme' are permitted in British English, and this spelling is applicable to other units that are compounds of 'gram'. Use <suggestion><match no="1" regexp_match="gramme" regexp_replace="gram"/></suggestion>.</message>
                <url>http://www.legislation.gov.uk/ukpga/1985/72/section/92</url>
                <short>Oxford spelling: gram not gramme</short>
                <example correction="milligrams">Use 3 <marker>milligrammes</marker> of surfactant.</example>
                <example>Use 3 <marker>milligrams</marker> of surfactant.</example>
                <example>The television <marker>programme</marker> is scheduled for 17:00.</example>
                <example>If the distance is less than 2 <marker>millimeters</marker>, ...</example>
                <example>A <marker>6-gramme</marker> force is sufficient.</example>
                <example correction="gram">The weight must be less than 1 <marker>gramme</marker>.</example>
                <example correction="kilograms">The weight must be more than 20 <marker>kilogrammes</marker>.</example>
                <example correction="yottagram">One <marker>yottagramme</marker> is a lotta grams!</example>
                <example correction="Centigrams">'<marker>Centigrammes</marker>' is an alternative spelling of 'centigrams'.</example>
                <example correction="KILOgrams">Add 2 <marker>KILOgrammes</marker> of the powder.</example><!-- The default spelling rules find this non-standard typography. -->
                <example type="triggers_error">Did you read "<marker>The Teragramme Terror from Tangiers</marker>"? I think it's a good book.</example>
            </rule>
            <rule><!-- adjectives -->
                <pattern>
                    <token regexp="yes">([0-9]+-)(yotta|zetta|exa|peta|tera|giga|mega|kilo|hecto|deca|deci|centi|milli|micro|nano|pico|femto|atto|zepto|yocto)?gramme<exception postag="NNP"/></token>
                </pattern>
                <message>Oxford Manual of Style, 2002, gives 'gram' as the preferred spelling of these: gram, kilogram, and other units of measurement. Also, UK Weights and Measures Act 1985, section 92 shows that both 'gram' and 'gramme' are permitted in British English, and this spelling is applicable to other units that are compounds of 'gram'. Use <suggestion><match no="1" regexp_match="gramme" regexp_replace="gram"/></suggestion>.</message>
                <url>http://www.legislation.gov.uk/ukpga/1985/72/section/92</url>
                <short>Oxford spelling: 2-gram not 2-gramme</short>
                <example correction="6-gram">A <marker>6-gramme</marker> force is sufficient.</example>
                <example>A <marker>6-gram</marker> force is sufficient.</example>
                <example>Use a <marker>five-kilogramme</marker> weight.</example><!-- TODO -->
                <example correction="10-microgram">A <marker>10-microgramme</marker> difference is not sufficient.</example>
                <example correction="5-yoctogram">A <marker>5-yoctogramme</marker> error is not important.</example>
            </rule>
        </rulegroup>
    </category>
</rules>
